{
  "version": 1,
  "author": "Gaful",
  "editor": "wokwi",
  "parts": [
    { "type": "wokwi-breadboard-mini", "id": "bb1", "top": 8.2, "left": 141.6, "attrs": {} },
    { "type": "wokwi-arduino-uno", "id": "uno", "top": 10.2, "left": -173.4, "attrs": {} },
    {
      "type": "wokwi-led",
      "id": "led1",
      "top": -13.2,
      "left": 157.4,
      "attrs": { "color": "red" }
    },
    {
      "type": "wokwi-resistor",
      "id": "r1",
      "top": 32.75,
      "left": 182.4,
      "rotate": 180,
      "attrs": { "value": "220" }
    }
  ],
  "connections": [
    [ "led1:A", "bb1:4t.b", "", [ "$bb" ] ],
    [ "led1:C", "bb1:3t.b", "", [ "$bb" ] ],
    [ "uno:GND.3", "bb1:3t.c", "black", [ "v-163.3", "h4" ] ],
    [ "bb1:10t.b", "uno:13", "green", [ "v-57.6", "h-288" ] ]
  ],
  "dependencies": {}
}